{"1000 Montrose Ave # B, Charlottesville, VA, 22902": [null, null], "1000 W Harbor Dr, Chester, VA, 23836": [null, null], "1000 Winchester Rd, Waynesboro, VA, 22980": [38.0672789, -78.8739161], "1004 Blenheim Ave, Charlottesville, VA, 22902": [38.0202502, -78.4751892], "1006 34th St, Newport News, VA, 23607": [36.9910577, -76.4146927], "1008 Berkeley Avenue, Ext A, Norfolk, VA, 23523": [null, null], "1008 E Liberty St, Norfolk, VA, 23523": [36.8268529, -76.277757], "1008 West Harbour Dr, Chester, VA, 23836": [null, null], "101 Louis St, Emporia, VA, 23847": [null, null], "1011 Watson St, B, Norfolk, VA, 23523": [null, null], "1012 34th St, Newport News, VA, 23607": [36.9911085, -76.4145634], "1016 W Harbour Dr, Chester, VA, 23836": [null, null], "1018 Berkeley Ave, #1a, Norfolk, VA, 23523": [null, null], "102 Russell Ln, Emporia, VA, 23847": [36.6991195, -77.5319699], "1029 College Pk Blvd, 353, Virginia Beach, VA, 23464": [null, null], "1031 35th St, Newport News, VA, 23607": [36.9923344, -76.4142329], "1047 34th St, Newport News, VA, 23607": [36.9919745, -76.4132479], "105 Homecrest Blvd, Chesapeake, VA, 23324": [36.784374, -76.2678824], "105 Hortons Cir, Waverly, VA, 23890": [null, null], "105 Sea Trace Ct, 101, Virginia Beach, VA, 23451": [36.8384447, -75.9829545], "105 Sea Trace Ct, 202, Virginia Beach, VA, 23451": [36.8384447, -75.9829545], "105 Tyler Blvd, Crewe, VA, 23930": [null, null], "1071 Libertyville Rd, Chesapeake, VA, 23320": [36.7567894, -76.2820663], "109 Louis St, Emporia, VA, 23847": [null, null], "11 Sebago Dr, #a, Portsmouth, VA, 23702": [36.7946585, -76.3324148], "1100 Craig St, #d, Norfolk, VA, 23523": [null, null], "1106 Blenheim Ave, Charlottesville, VA, 22902": [38.0194727, -78.473449], "1107 W Tennessee Ave, Crewe, VA, 23930": [37.1859081, -78.13556], "1110 Gordon Ave #b, Apt B, Charlottesville, VA, 22903": [null, null], "1111 Jernigan Ave, G, Norfolk, VA, 23513": [null, null], "11162 Willow Dr, Apt 62n, Bealeton, VA, 22712": [null, null], "11164 Willow Dr, N, Bealeton, VA, 22712": [null, null], "11176 Crest Ln, Bealeton, VA, 22712": [null, null], "1121 Arlington St, Petersburg, VA, 23803": [37.2115876, -77.4123199], "1125 34th St, Newport News, VA, 23607": [36.9923449, -76.4119404], "1127 Jernigan Ave, D, Norfolk, VA, 23513": [null, null], "1129 35th St, Newport News, VA, 23607": [36.993283, -76.4118171], "1129 Jernigan Ave, C, Norfolk, VA, 23513": [36.9136324, -76.2402001], "113 Louis St, Emporia, VA, 23847": [null, null], "1131 Oak Hill Dr, Charlottesville, VA, 22902": [null, null], "1136 34th St, Newport News, VA, 23607": [36.9924064, -76.4110993], "1137 34th St, Newport News, VA, 23607": [36.9927372, -76.4112198], "114 Carroll St, Emporia, VA, 23847": [36.6936219, -77.5407836], "114 Cromwell Pkwy, A101, Norfolk, VA, 23505": [null, null], "114 Cromwell Pkwy, B321, Norfolk, VA, 23505": [null, null], "114 Cromwell Pkwy, B324, Norfolk, VA, 23505": [null, null], "1140 Craftsman Dr, #104, Virginia Beach, VA, 23464": [null, null], "1144 Craftsman Dr, 203, Virginia Beach, VA, 23464": [null, null], "1147 Clear Springs Rd, Virginia Beach, VA, 23464": [36.8017772, -76.2040363], "1149 Wilson Rd, Norfolk, VA, 23523": [36.8306653, -76.2649365], "115 Homecrest Blvd, Chesapeake, VA, 23324": [36.7844416, -76.2678486], "1150 Arlington St, Petersburg, VA, 23803": [37.2123579, -77.4134233], "11509 ranch dr, Fredericksburg, VA, 22407": [38.2766668, -77.5565267], "1152 Va Beach Blvd, # Trlr 104 Premise 253370200, Virginia Beach, VA, 23451": [null, null], "1152 Va Beach Blvd, # Trlr 15 , Virginia Beach, VA, 23451": [null, null], "1152 Va Beach Blvd, # Trlr 26 Premise 201886100, Virginia Beach, VA, 23451": [null, null], "1152 Va Beach Blvd, # Trlr 51 Premise 410886100, Virginia Beach, VA, 23451": [null, null], "1152 Va Beach Blvd, #78, Virginia Beach, VA, 23451": [null, null], "1152 Va Beach Blvd, #82, Virginia Beach, VA, 23451": [null, null], "1152 Va Beach Blvd, #trlr 101, Virginia Beach, VA, 23451": [null, null], "1152 Va Beach Blvd, #trlr 20, Virginia Beach, VA, 23451": [null, null], "1152 Va Beach Blvd, #trlr 27, Virginia Beach, VA, 23451": [null, null], "1152 Va Beach Blvd, #trlr 44, Virginia Beach, VA, 23451": [null, null], "1152 Va Beach Blvd, #trlr 57, Virginia Beach, VA, 23451": [null, null], "1152 Va Beach Blvd, #trlr 60, Virginia Beach, VA, 23451": [null, null], "1152 Va Beach Blvd, 55, Virginia Beach, VA, 23451": [null, null], "1152 Va Beach Blvd, Virginia Beach, VA, 23451": [36.8022613, -75.995294], "11522ranchdr, Fredericksburg, VA, 22407": [null, null], "11526 Ranch Dr, Fredericksburg, VA, 22407": [38.2777066, -77.556621], "11529 ranch dr, Fredericksburg, VA, 22407": [38.2777251, -77.5561716], "11530 Pasture Ln, Fredericksburg, VA, 22407": [38.2777612, -77.5557863], "11538 Pasture Ln, Fredericksburg, VA, 22407": [38.2781793, -77.5556182], "11544 Pasture Ln, Fredericksburg, VA, 22407": [38.2784979, -77.5555165], "1161 Nansemond Pkwy #trlr 164, 164 Cottonwood Rd, Suffolk, VA, 23434": [null, null], "1161 Nansemond Pkwy #trlr 185, 185 Cottonwood Rd, Suffolk, VA, 23434": [null, null], "1161 Nansemond Pkwy, # Trlr, Suffolk, VA, 23434": [null, null], "1161 Nansemond Pkwy, 46, Suffolk, VA, 23434": [null, null], "1161 Nansemond Pkwy, Trlr 64, Suffolk, VA, 23434": [null, null], "1161 Nansmond Pkwy, 59, Suffolk, VA, 23434": [null, null], "1161 Nasemond Pkwy, Suffolk, VA, 23432": [null, null], "1161 Nasemond Pkwy, Suffolk, VA, 23434": [null, null], "11619, Fredericksburg, VA, 22407": [38.2771031, -77.5417313], "117 Baldwin Ave, Portsmouth, VA, 23702": [36.8134855, -76.326587], "117 Louis St, Emporia, VA, 23847": [null, null], "1173 Thomas St, Bealeton, VA, 22712": [38.5631974, -77.7543227], "11766 Thomas St, 423, Bealeton, VA, 22712": [null, null], "11777 Thomas St, 4014, Bealeton, VA, 22712": [null, null], "11777 Thomas St, Bealeton, VA, 22712": [38.5625623, -77.7535903], "118 Holland Dr, Virginia Beach, VA, 23462": [36.8388304, -76.149692], "118 W 28th St., Buena Vista, VA, 24416": [37.7425023, -79.3509154], "11868 Scott Cir, Bealeton, VA, 22712": [38.5594444, -77.7543169], "11910 Scott Cir # 316 Lot 316, Bealeton, VA, 22712": [null, null], "11941 Coffman Cir, 135, Bealeton, VA, 22712": [null, null], "12 Dekalb Ave, Portsmouth, VA, 23702": [36.8091778, -76.330065], "12 Sebago Dr, # F, Portsmouth, VA, 23702": [null, null], "1203 Oak Hill Dr #d, Charlottesville, VA, 22902": [null, null], "1203 Oak Hill Dr, #f, Charlottesville, VA, 22902": [null, null], "1204 Owl Ct, Virginia Beach, VA, 23464": [36.8015166, -76.205372], "1206 Oak Hill Dr, Charlottesville, VA, 22902": [null, null], "1208 Covel St, Norfolk, VA, 23523": [36.8303858, -76.2678849], "12091 Coffman Circle, Lot 328, Bealeton, VA, 22712": [null, null], "1210 Owl Ct, Virginia Beach, VA, 23464": [36.801687, -76.2052983], "12144 Coffman Cir, 438, Bealeton, VA, 22712": [null, null], "1216 Curie Ct, Norfolk, VA, 23513": [36.8977571, -76.2383795], "12168 Coffman Cir, 448, Bealeton, VA, 22712": [null, null], "1217 Hawk Ave, Lot 14, Virginia Beach, VA, 23453": [null, null], "122 Carroll St, # E Apt E, Emporia, VA, 23847": [null, null], "122 Center St, Emporia, VA, 23847": [36.6859964, -77.5361991], "1224 Bunsen Ct, Norfolk, VA, 23513": [36.8984387, -76.2384481], "123 Main St, Chesapeake, VA, 23325": [36.8048104, -76.2210135], "123 Sesame St, Emporia, VA, 23847": [null, null], "123 Test Street, Chesapeake, VA, 23325": [null, null], "1241 Baker Rd # Trlr 1, Virginia Beach, VA, 23455": [null, null], "1241 Baker Rd # Trlr 10, Virginia Beach, VA, 23455": [null, null], "1241 Baker Rd # Trlr 18, Virginia Beach, VA, 23455": [null, null], "1241 Baker Rd # Trlr 19, Virginia Beach, VA, 23455": [null, null], "1241 Baker Rd # Trlr 7d, Virginia Beach, VA, 23455": [null, null], "1241 Baker Rd, # Trlr 24, Virginia Beach, VA, 23455": [null, null], "1241 Baker Rd, # Trlr 6, Virginia Beach, VA, 23455": [null, null], "1241 Baker Rd, #trlr 17, Virginia Beach, VA, 23455": [null, null],